{
    "Average Score PN": 3.857142857142857,
    "Average Score CP": 5.0,
    "Average Score RK": 3.7142857142857144,
    "Total Average": 4.190476190476191,
    "Data Length": 7
}