{
    "individual_scores": {
        "score_pn_comp_detailed": 4.0,
        "score_pn_rel_detailed": 4.285714285714286,
        "score_cp_rel_detailed": 3.4285714285714284,
        "score_cp_sen_comp_detailed": 3.4285714285714284,
        "score_cp_harm_detailed": 5.0,
        "score_rk_rel_detailed": 4.0,
        "score_rk_trend_detailed": 3.0,
        "score_rk_comp_detailed": 3.857142857142857
    },
    "category_averages": {
        "pn": 4.142857142857142,
        "cp": 3.9523809523809526,
        "rk": 3.619047619047619
    },
    "total_average": 3.9047619047619047
}