{
    "individual_scores": {
        "score_pn_coher_detailed": 3.715290440218807,
        "score_pn_rel_detailed": 5.0,
        "score_pn_search_detailed": 4.6280281323261265,
        "score_cp_rel_detailed": 4.997916123990622,
        "score_cp_sen_comp_detailed": 4.997916123990622,
        "score_cp_harm_detailed": 4.997916123990622,
        "score_rk_rel_detailed": 4.998958061995311,
        "score_rk_trend_detailed": 2.9789007554050535,
        "score_rk_daily_detailed": 4.916905444126074
    },
    "category_averages": {
        "pn": 4.447772857514978,
        "cp": 4.997916123990622,
        "rk": 4.298254753842147
    },
    "total_average": 4.581314578449249
}